Title,Company,Link
Sr. Software Architect - Machine Systems,"CNC Software, Inc",https://stackoverflow.com/jobs/497581/sr-software-architect-machine-systems-cnc-software-inc
Software Engineer (ML),Parenthetic,https://stackoverflow.com/jobs/477598/software-engineer-ml-parenthetic
Senior Backend/ML Engineer,AptEdge.io,https://stackoverflow.com/jobs/457415/senior-backend-ml-engineer-aptedgeio
Azure Machine Learning Engineer | Location Intelligence Application,SiteZeus,https://stackoverflow.com/jobs/444396/azure-machine-learning-engineer-location-sitezeus
Software Engineer Machine Learning,Studitemps,https://stackoverflow.com/jobs/497582/software-engineer-machine-learning-studitemps
"Senior .Net Developer for ML, Computer Vision and Algorithm development",MapLarge,https://stackoverflow.com/jobs/165235/senior-net-developer-for-ml-computer-vision-and-maplarge
Software Engineer - Machine Learning (CodeSentry Team),"GrammaTech, Inc.",https://stackoverflow.com/jobs/471175/software-engineer-machine-learning-codesentry-grammatech-inc
"Android Software Engineer, Mobile Machine Learning",Flock Safety,https://stackoverflow.com/jobs/497083/android-software-engineer-mobile-machine-learning-flock-safety
Senior Machine Learning Engineer,Kubevisor,https://stackoverflow.com/jobs/458084/senior-machine-learning-engineer-kubevisor
Machine Learning Developer,Shoott,https://stackoverflow.com/jobs/494204/machine-learning-developer-shoott
Machine Learning Engineer,Strong Analytics,https://stackoverflow.com/jobs/448223/machine-learning-engineer-strong-analytics
Data Scientist (Machine Learning/AI),1848 Ventures,https://stackoverflow.com/jobs/481224/data-scientist-machine-learning-ai-1848-ventures
Senior Machine Learning Engineer,Bombora,https://stackoverflow.com/jobs/497819/senior-machine-learning-engineer-bombora
Computer Vision and Cloud AI Software Engineer,Scanifly,https://stackoverflow.com/jobs/483229/computer-vision-and-cloud-ai-software-engineer-scanifly
Machine Learning Developer,BairesDev LLC,https://stackoverflow.com/jobs/485563/machine-learning-developer-bairesdev-llc
"Machine Learning Engineer, IoT",Flock Safety,https://stackoverflow.com/jobs/497084/machine-learning-engineer-iot-flock-safety
Machine Learning Operations - Product Manager Consultant,Dell Technologies Latin America,https://stackoverflow.com/jobs/486394/machine-learning-operations-product-manager-dell-technologies-latin
ML Big Data Engineer,Compugain,https://stackoverflow.com/jobs/494552/ml-big-data-engineer-compugain
Senior Product Manager (ML/AI),Kentik,https://stackoverflow.com/jobs/498251/senior-product-manager-ml-ai-kentik
Data & Machine Learning Engineer,GeoPhy,https://stackoverflow.com/jobs/492570/data-machine-learning-engineer-geophy
Python Developer/ML/Data Engineer (Remote U.S. Only),X-Team,https://stackoverflow.com/jobs/482355/python-developer-ml-data-engineer-remote-us-x-team
"Senior Machine Learning Engineer (Python, TensorFlow)",The Meet Group,https://stackoverflow.com/jobs/496024/senior-machine-learning-engineer-python-the-meet-group
Machine Learning Engineer (Latin America- Remote),Blue Orange Digital,https://stackoverflow.com/jobs/295632/machine-learning-engineer-latin-america-remote-blue-orange-digital
ML/AI Manager,kaliber.ai,https://stackoverflow.com/jobs/461178/ml-ai-manager-kaliberai
Senior Python and Machine Learning Engineer - Remote - EU Time Zone,Cvedia PTE. LTD.,https://stackoverflow.com/jobs/436963/senior-python-and-machine-learning-engineer-cvedia-pte-ltd
Principal Backend Engineer - Rails,FortressIQ,https://stackoverflow.com/jobs/431807/principal-backend-engineer-rails-fortressiq
Full Stack Developer at Health Startup (Elixir / Ruby),BetterDoc,https://stackoverflow.com/jobs/474740/full-stack-developer-at-health-startup-elixir-betterdoc
React Software Developer,Cluby,https://stackoverflow.com/jobs/469377/react-software-developer-cluby
Software Architect / Code Reviewer / Mentor - Part-time,Arcanys,https://stackoverflow.com/jobs/485542/software-architect-code-reviewer-mentor-arcanys
Frontend Engineer,Vouched,https://stackoverflow.com/jobs/435259/frontend-engineer-vouched
Senior Backend Developer (Europe/Remote),BrandBastion,https://stackoverflow.com/jobs/482392/senior-backend-developer-europe-remote-brandbastion
Independent & Self-motivated Senior Python Backend Developer,Seez,https://stackoverflow.com/jobs/394457/independent-self-motivated-senior-python-seez
Full-Stack Developer (f/m/d) - Core Engineering Team,Receeve GmbH,https://stackoverflow.com/jobs/351277/full-stack-developer-f-m-d-core-engineering-receeve-gmbh
Research Scientist for Medical Imaging (CT and 2D/3D registration),ImFusion GmbH,https://stackoverflow.com/jobs/493228/research-scientist-for-medical-imaging-ct-and-2d-imfusion-gmbh
Remote Senior Front-End Software Engineer,The Sensible Code Company,https://stackoverflow.com/jobs/474156/remote-senior-front-end-software-engineer-the-sensible-code-company
Staff Software Engineer - Identity Graph,Socure,https://stackoverflow.com/jobs/497830/staff-software-engineer-identity-graph-socure
Senior Full-Stack Engineer (Vue/Node),Wisely,https://stackoverflow.com/jobs/405895/senior-full-stack-engineer-vue-node-wisely
Full Stack Software Engineer,ResoluteAI,https://stackoverflow.com/jobs/481760/full-stack-software-engineer-resoluteai
Senior React Engineer with eye for design - London or remote (in EU time-zone),Cleo AI,https://stackoverflow.com/jobs/423181/senior-react-engineer-with-eye-for-design-cleo-ai
Founding Software Engineer - Backend (Rasgo),Unusual Ventures,https://stackoverflow.com/jobs/485991/founding-software-engineer-backend-rasgo-unusual-ventures
"Software Engineer, Web - Remote",Numbrs,https://stackoverflow.com/jobs/450392/software-engineer-web-remote-numbrs
Senior Full Stack Engineer at Leading Education Company,Tynker,https://stackoverflow.com/jobs/494562/senior-full-stack-engineer-at-leading-education-tynker
Front End Developer,YouGov,https://stackoverflow.com/jobs/469751/front-end-developer-yougov
Front-end / Full Stack web developer wanted for leading agriculture SaaS product,RESONANZ Group,https://stackoverflow.com/jobs/482931/front-end-full-stack-web-developer-wanted-for-resonanz-group
WebApp Engineer building for Design & R&D in MedTech,PeerWell Inc.,https://stackoverflow.com/jobs/498136/webapp-engineer-building-for-design-r-d-in-peerwell-inc
BNPL with a Modern Tech Stack is Looking for a Remote Big Data DevOps Engineer,ViaBill A/S,https://stackoverflow.com/jobs/498101/bnpl-with-a-modern-tech-stack-is-looking-for-a-viabill-a-s
Senior Back-End Web Developer for the #1 Kids Coding Platform,Tynker,https://stackoverflow.com/jobs/494564/senior-back-end-web-developer-for-the-sharp1-kids-tynker
Lead Developer (Rails/React),1848 Ventures,https://stackoverflow.com/jobs/481226/lead-developer-rails-react-1848-ventures
Group Head Embedded Software (m/f/d) - Remote in Middle Europe possible,Proemion,https://stackoverflow.com/jobs/490101/group-head-embedded-software-m-f-d-remote-in-proemion
Senior Software Engineer Rails/Elm/React,HubTran Inc.,https://stackoverflow.com/jobs/410103/senior-software-engineer-rails-elm-react-hubtran-inc
Senior API + Frontend Engineer in MedTech,PeerWell Inc.,https://stackoverflow.com/jobs/468515/senior-api-plus-frontend-engineer-in-medtech-peerwell-inc
BNPL with a Modern Tech Stack is Looking for a Remote Big Data DevOps Engineer,ViaBill A/S,https://stackoverflow.com/jobs/498101/bnpl-with-a-modern-tech-stack-is-looking-for-a-viabill-a-s
Senior Software Engineer Rails/Elm/React,HubTran Inc.,https://stackoverflow.com/jobs/410103/senior-software-engineer-rails-elm-react-hubtran-inc
Group Head Embedded Software (m/f/d) - Remote in Middle Europe possible,Proemion,https://stackoverflow.com/jobs/490101/group-head-embedded-software-m-f-d-remote-in-proemion
Fullstack Engineer,Vouched,https://stackoverflow.com/jobs/435257/fullstack-engineer-vouched
Senior Back-End Web Developer for the #1 Kids Coding Platform,Tynker,https://stackoverflow.com/jobs/494564/senior-back-end-web-developer-for-the-sharp1-kids-tynker
(Senior) Software Engineer,Hypatos GmbH,https://stackoverflow.com/jobs/401730/senior-software-engineer-hypatos-gmbh
Software Engineer - Fullstack (Remote Only),"Magic Memories Digital, Ltd.",https://stackoverflow.com/jobs/442667/software-engineer-fullstack-remote-only-magic-memories-digital-ltd
Data Engineer @ Tech Start-Up!,Wunderkind,https://stackoverflow.com/jobs/497135/data-engineer-tech-start-up-wunderkind
Senior Data Engineer @ Exciting Tech Start-Up!,Wunderkind,https://stackoverflow.com/jobs/490159/senior-data-engineer-exciting-tech-start-up-wunderkind
Senior Backend Software Engineer,Sense,https://stackoverflow.com/jobs/496837/senior-backend-software-engineer-sense
Full Stack Developer,OpsTalent,https://stackoverflow.com/jobs/463551/full-stack-developer-opstalent
"AWS Site Reliability Engineer | DevOps, infra as code and CI for healthcare tech",Experity HealthviaTechfolk Ltd,https://stackoverflow.com/jobs/469359/aws-site-reliability-engineer-devops-infra-as-experity-health
Senior Java Backend Engineer and Devops lead,Wizenoze,https://stackoverflow.com/jobs/487611/senior-java-backend-engineer-and-devops-lead-wizenoze
Senior Software Engineer,R2,https://stackoverflow.com/jobs/484287/senior-software-engineer-r2
Senior Software Engineer (Platform),Aloe Care Health,https://stackoverflow.com/jobs/401772/senior-software-engineer-platform-aloe-care-health
Senior Backend Developer (US Timezones),NearForm,https://stackoverflow.com/jobs/485044/senior-backend-developer-us-timezones-nearform
Full Stack Software Developer,Advanced Energy Economy,https://stackoverflow.com/jobs/481797/full-stack-software-developer-advanced-energy-economy
Android Software Engineer,Flock Safety,https://stackoverflow.com/jobs/487670/android-software-engineer-flock-safety
(100% Remote) Senior Back-end Engineer for the Armani Team,Toptal,https://stackoverflow.com/jobs/440232/100-remote-senior-back-end-engineer-for-the-toptal
Senior Full Stack .NET Developer,"Upkoi, Inc",https://stackoverflow.com/jobs/485579/senior-full-stack-net-developer-upkoi-inc
Python Backend Lead Engineer,Geomagical Labs,https://stackoverflow.com/jobs/492299/python-backend-lead-engineer-geomagical-labs
Senior Software Engineer,"Capture2, Inc.",https://stackoverflow.com/jobs/423280/senior-software-engineer-capture2-inc
UI/UX Design Lead,Socure,https://stackoverflow.com/jobs/488077/ui-ux-design-lead-socure
Senior Backend Engineer - Routing and Navigation,komoot,https://stackoverflow.com/jobs/497354/senior-backend-engineer-routing-and-navigation-komoot
Frontend Engineer,Tessian,https://stackoverflow.com/jobs/475359/frontend-engineer-tessian
Senior API + Frontend Engineer in MedTech,PeerWell Inc.,https://stackoverflow.com/jobs/468515/senior-api-plus-frontend-engineer-in-medtech-peerwell-inc
Backend Developer (f/m/d),Receeve GmbH,https://stackoverflow.com/jobs/472220/backend-developer-f-m-d-receeve-gmbh
Senior React Native Developer (US Timezones),NearForm,https://stackoverflow.com/jobs/482443/senior-react-native-developer-us-timezones-nearform
Senior Platform Engineer,Tessian,https://stackoverflow.com/jobs/475365/senior-platform-engineer-tessian
iOS Software Engineer - Remote,Numbrs,https://stackoverflow.com/jobs/449443/ios-software-engineer-remote-numbrs
Front End/ Back End Software Developer,Supplycart Technologies Sdn Bhd,https://stackoverflow.com/jobs/430217/front-end-back-end-software-developer-supplycart-technologies-sdn
SENIOR BACK-END ENGINEER,Ancient Gaming,https://stackoverflow.com/jobs/393524/senior-back-end-engineer-ancient-gaming
Senior Full-Stack Developer (JavaScript) - 100% remote,Disy Informationssysteme GmbH,https://stackoverflow.com/jobs/168157/senior-full-stack-developer-javascript-100-disy-informationssysteme-gmbh
Senior Software Engineer,Vidaloop,https://stackoverflow.com/jobs/465915/senior-software-engineer-vidaloop
Software Engineer - Android,Quarkworks,https://stackoverflow.com/jobs/493937/software-engineer-android-quarkworks
Platforms Engineer for a Cryptocurrency Startup,Chorus One,https://stackoverflow.com/jobs/457423/platforms-engineer-for-a-cryptocurrency-startup-chorus-one
Senior Back-End Software Engineer,pulseData,https://stackoverflow.com/jobs/448331/senior-back-end-software-engineer-pulsedata
"Senior Node/React Developer (Remote, US Timezones)",NearForm,https://stackoverflow.com/jobs/493236/senior-node-react-developer-remote-us-timezones-nearform
Python Developer / Data Scientist – High Growth Tech Co (REMOTE global role),Draftable,https://stackoverflow.com/jobs/497807/python-developer-data-scientist-high-growth-draftable
Senior Full Stack Engineer,Audacia Group,https://stackoverflow.com/jobs/492317/senior-full-stack-engineer-audacia-group
Lead NLP Data Scientist,Tessian,https://stackoverflow.com/jobs/475362/lead-nlp-data-scientist-tessian
Senior Android Developer,PhysIQ Corp,https://stackoverflow.com/jobs/485988/senior-android-developer-physiq-corp
Full-stack developer,Flourish,https://stackoverflow.com/jobs/488056/full-stack-developer-flourish
20 Full Scholarships - School of AI,Pi School,https://stackoverflow.com/jobs/491937/20-full-scholarships-school-of-ai-pi-school
Senior Python Dev for Open Source Dev Tools,"Iterative, Inc",https://stackoverflow.com/jobs/446359/senior-python-dev-for-open-source-dev-tools-iterative-inc
Senior Front-end Developer (Vue.js) - Remote,Insider,https://stackoverflow.com/jobs/456300/senior-front-end-developer-vuejs-remote-insider
Software Engineer - iOS,Quarkworks,https://stackoverflow.com/jobs/493948/software-engineer-ios-quarkworks
"Software Engineer, Android - Remote",Numbrs,https://stackoverflow.com/jobs/450389/software-engineer-android-remote-numbrs
Full Stack Node.js and React Developer,Scalable Path,https://stackoverflow.com/jobs/497353/full-stack-nodejs-and-react-developer-scalable-path
PHP Developer (f/m/d) Remote/Homeoffice - WordPress Projects at Enterprise Level,Inpsyde GmbH,https://stackoverflow.com/jobs/229477/php-developer-f-m-d-remote-homeoffice-inpsyde-gmbh
Data Engineer - US Only,PowerInbox,https://stackoverflow.com/jobs/498119/data-engineer-us-only-powerinbox
Lead NLP Data Scientist,Tessian,https://stackoverflow.com/jobs/475362/lead-nlp-data-scientist-tessian
Intermediate Backend and Infrastructure Engineer,Plotly Technologies Inc,https://stackoverflow.com/jobs/491944/intermediate-backend-and-infrastructure-engineer-plotly-technologies-inc
Full-stack developer,Flourish,https://stackoverflow.com/jobs/488056/full-stack-developer-flourish
Full Stack Node.js and React Developer,Scalable Path,https://stackoverflow.com/jobs/497353/full-stack-nodejs-and-react-developer-scalable-path
"Senior RoR, Product Engineer London or remote (within EU time-zone)",Cleo AI,https://stackoverflow.com/jobs/420634/senior-ror-product-engineer-london-or-remote-cleo-ai
Senior Backend Engineer,Avail,https://stackoverflow.com/jobs/468501/senior-backend-engineer-avail
Senior Backend Engineer (Remote or NYC),Noom,https://stackoverflow.com/jobs/283527/senior-backend-engineer-remote-or-nyc-noom
JavaScript/Full Stack Engineer,Ocelot,https://stackoverflow.com/jobs/485977/javascript-full-stack-engineer-ocelot
Site Reliability Engineer/DevOps Engineer,AiCure,https://stackoverflow.com/jobs/496003/site-reliability-engineer-devops-engineer-aicure
Senior Backend Engineer,Tessian,https://stackoverflow.com/jobs/475363/senior-backend-engineer-tessian
Senior Software Engineer,eNotaryLog,https://stackoverflow.com/jobs/482409/senior-software-engineer-enotarylog
Mid-Level C#/C++ Software Engineer Who Thrives On Complex Challenges,PEMDAS Technologies and Innovations,https://stackoverflow.com/jobs/498130/mid-level-c-sharp-c-plus-plus-software-engineer-who-thrives-on-pemdas-technologies-and
Applied Scientist - Trust and Safety (Remote),Yelp,https://stackoverflow.com/jobs/497089/applied-scientist-trust-and-safety-remote-yelp
Lead Data Scientist,YouGov,https://stackoverflow.com/jobs/487866/lead-data-scientist-yougov
Senior Front End Developer (m/f/d),GoStudent GmbH,https://stackoverflow.com/jobs/457381/senior-front-end-developer-m-f-d-gostudent-gmbh
Backend Engineer (Contract),Mav Farm,https://stackoverflow.com/jobs/482431/backend-engineer-contract-mav-farm
DevOps Engineer (f/m/d) (based in Germany),LILLYDOO GmbH,https://stackoverflow.com/jobs/430741/devops-engineer-f-m-d-based-in-germany-lillydoo-gmbh
Core Developer - Runtime (m/f/d),Parity Technologies,https://stackoverflow.com/jobs/497096/core-developer-runtime-m-f-d-parity-technologies
"Full Stack Web Developer (Remote, International)",SOCi,https://stackoverflow.com/jobs/492906/full-stack-web-developer-remote-international-soci
Senior Mobile Software Engineer,"Emerlyn Technology, LLC",https://stackoverflow.com/jobs/491985/senior-mobile-software-engineer-emerlyn-technology-llc
Lead Frontend Developer / Vue.js (m/f/x),refurbed,https://stackoverflow.com/jobs/483470/lead-frontend-developer-vuejs-m-f-x-refurbed
Data Engineer (Remote),Blue Orange Digital,https://stackoverflow.com/jobs/299049/data-engineer-remote-blue-orange-digital
WANTED: Rails Developer - To solve a challenging problem with a senior team!,Disputify Pty Ltd,https://stackoverflow.com/jobs/463327/wanted-rails-developer-to-solve-a-challenging-disputify-pty-ltd
Cybersecurity R&D Software Engineer,New Context Services,https://stackoverflow.com/jobs/496608/cybersecurity-r-d-software-engineer-new-context-services
"Senior Frontend Developer (React, TypeScript)",eccenca,https://stackoverflow.com/jobs/194735/senior-frontend-developer-react-typescript-eccenca
Senior Web Architect (.NET / Javascript),Arcanys,https://stackoverflow.com/jobs/243370/senior-web-architect-net-javascript-arcanys
Senior Frontend Engineer React (60%-100%),nexoya,https://stackoverflow.com/jobs/493891/senior-frontend-engineer-react-60-100-nexoya
Bioinformatics Scientist,Paige,https://stackoverflow.com/jobs/486611/bioinformatics-scientist-paige
Senior Big Data Engineer,Kubevisor,https://stackoverflow.com/jobs/458034/senior-big-data-engineer-kubevisor
Add to our iOS epicness!,IDT Finland,https://stackoverflow.com/jobs/468471/add-to-our-ios-epicness-idt-finland
Senior Data Engineer,Avail,https://stackoverflow.com/jobs/380126/senior-data-engineer-avail
Full Stack .NET/MSSQL Developer,MicroGSD,https://stackoverflow.com/jobs/406906/full-stack-net-mssql-developer-microgsd
Senior Backend Engineer - Maps,komoot,https://stackoverflow.com/jobs/497355/senior-backend-engineer-maps-komoot
Data Science Community Manager,Unusual Ventures,https://stackoverflow.com/jobs/483712/data-science-community-manager-unusual-ventures
Site Reliability Engineer,Clearcover,https://stackoverflow.com/jobs/496598/site-reliability-engineer-clearcover
Senior Backend Developer,komoot,https://stackoverflow.com/jobs/390716/senior-backend-developer-komoot
Developer Advocate - Global Health Data Platform,DHIS2,https://stackoverflow.com/jobs/450804/developer-advocate-global-health-data-platform-dhis2
Senior Full Stack Engineer (Remote-LATAM),Loadsmart,https://stackoverflow.com/jobs/458211/senior-full-stack-engineer-remote-latam-loadsmart
Big Data Solutions Architect (Fully Remote),Blue Orange Digital,https://stackoverflow.com/jobs/456728/big-data-solutions-architect-fully-remote-blue-orange-digital
Android Systems Engineer,Flock Safety,https://stackoverflow.com/jobs/482926/android-systems-engineer-flock-safety
"REMOTE Python and/or Node Engineer- Cloud REQUIRED, ideally AWS- Must be in USA",Greenfield Partners,https://stackoverflow.com/jobs/493927/remote-python-and-or-node-engineer-cloud-greenfield-partners
"Data Scientist, Product Analytics (Remote OR NYC)",Noom,https://stackoverflow.com/jobs/283519/data-scientist-product-analytics-remote-or-nyc-noom
Software Engineer (Remote),Knock.com,https://stackoverflow.com/jobs/456289/software-engineer-remote-knockcom
Senior DevOps Security Engineer,Vouched,https://stackoverflow.com/jobs/435262/senior-devops-security-engineer-vouched
Senior Front End Engineer,Primer AI,https://stackoverflow.com/jobs/424344/senior-front-end-engineer-primer-ai
Senior Software Engineer - Data,Outschool,https://stackoverflow.com/jobs/479596/senior-software-engineer-data-outschool
Quality Assurance Engineer,The Remote Company,https://stackoverflow.com/jobs/493250/quality-assurance-engineer-the-remote-company
"Senior Software Engineer (PHP, Laravel)",Givelify,https://stackoverflow.com/jobs/497588/senior-software-engineer-php-laravel-givelify
Senior Engineering Manager,Tessian,https://stackoverflow.com/jobs/475364/senior-engineering-manager-tessian
Data Science (Python/Pandas/Jupyter) Engineer,Hummingbot,https://stackoverflow.com/jobs/488299/data-science-python-pandas-jupyter-engineer-hummingbot
Senior Full Stack Engineer (Remote OR NYC),Noom,https://stackoverflow.com/jobs/283522/senior-full-stack-engineer-remote-or-nyc-noom
Staff Software Engineer (United States and Canada),Circle,https://stackoverflow.com/jobs/496054/staff-software-engineer-united-states-and-canada-circle
Senior Product Designer,Tessian,https://stackoverflow.com/jobs/475366/senior-product-designer-tessian
Python Engineer,"TileDB, Inc.",https://stackoverflow.com/jobs/419347/python-engineer-tiledb-inc
Senior Devops Engineer,Portchain,https://stackoverflow.com/jobs/485766/senior-devops-engineer-portchain
Product Owner (f/m/d),Receeve GmbH,https://stackoverflow.com/jobs/472218/product-owner-f-m-d-receeve-gmbh
Senior C# Software Developer,MTech Systems,https://stackoverflow.com/jobs/450872/senior-c-sharp-software-developer-mtech-systems
Add to our iOS epicness!,IDT Finland,https://stackoverflow.com/jobs/468471/add-to-our-ios-epicness-idt-finland
Full Stack .NET/MSSQL/JS Developer,MicroGSD,https://stackoverflow.com/jobs/406903/full-stack-net-mssql-js-developer-microgsd
Senior Web Developer (Node/ReactJS),komoot,https://stackoverflow.com/jobs/454626/senior-web-developer-node-reactjs-komoot
Full Stack .NET/MSSQL Developer,MicroGSD,https://stackoverflow.com/jobs/406906/full-stack-net-mssql-developer-microgsd
Senior Data Scientist,Primer AI,https://stackoverflow.com/jobs/424117/senior-data-scientist-primer-ai
Fullstack Developer (Rails/React),1848 Ventures,https://stackoverflow.com/jobs/481220/fullstack-developer-rails-react-1848-ventures
QA Engineer (f/m/d) (based in Germany),LILLYDOO GmbH,https://stackoverflow.com/jobs/430742/qa-engineer-f-m-d-based-in-germany-lillydoo-gmbh
Senior Engineering Manager,"Better Holdco, Inc",https://stackoverflow.com/jobs/466484/senior-engineering-manager-better-holdco-inc
"Driven Systemutvecklare .NET Core, AWS, React - hemifrån på heltid",e-Avrop AB,https://stackoverflow.com/jobs/241685/driven-systemutvecklare-net-core-aws-react-e-avrop-ab
Senior Full Stack Developer - Remote,Insider,https://stackoverflow.com/jobs/456301/senior-full-stack-developer-remote-insider
Senior Software Engineer,IOVLABS,https://stackoverflow.com/jobs/484659/senior-software-engineer-iovlabs
Senior Front End Engineer,Primer AI,https://stackoverflow.com/jobs/424344/senior-front-end-engineer-primer-ai
Senior AWS Engineer,iFit,https://stackoverflow.com/jobs/488303/senior-aws-engineer-ifit
Cloud Infrastructure Engineer,Feefo,https://stackoverflow.com/jobs/490106/cloud-infrastructure-engineer-feefo
Staff Software Engineer (Europe),Circle,https://stackoverflow.com/jobs/496055/staff-software-engineer-europe-circle
Director Data Analytics and Insights,Finexio,https://stackoverflow.com/jobs/496601/director-data-analytics-and-insights-finexio
Senior AWS Engineer,iFit,https://stackoverflow.com/jobs/488303/senior-aws-engineer-ifit
Cloud Infrastructure Engineer,Feefo,https://stackoverflow.com/jobs/490106/cloud-infrastructure-engineer-feefo
Senior Back-End Developer,StratumFive,https://stackoverflow.com/jobs/470543/senior-back-end-developer-stratumfive
Staff Software Engineer (Europe),Circle,https://stackoverflow.com/jobs/496055/staff-software-engineer-europe-circle
Software Engineer - Python,Canonical,https://stackoverflow.com/jobs/451978/software-engineer-python-canonical
"Senior software engineer (Typescript, Nextjs, Python, Docker/k8s, Kafka, AWS)",EverQuote Inc.,https://stackoverflow.com/jobs/385234/senior-software-engineer-typescript-nextjs-everquote-inc
Senior Go Back End Engineer (Remote-LATAM),Loadsmart,https://stackoverflow.com/jobs/490094/senior-go-back-end-engineer-remote-latam-loadsmart
Cloud Native Engineer,Container Solutions B.V.,https://stackoverflow.com/jobs/463042/cloud-native-engineer-container-solutions-bv
AI / NLP Developer That is Excited About Healthcare Data,WELL Health Inc.,https://stackoverflow.com/jobs/492866/ai-nlp-developer-that-is-excited-about-well-health-inc
Engineering Project Manager,"GridUnity, Inc",https://stackoverflow.com/jobs/494615/engineering-project-manager-gridunity-inc
Site Reliability Engineer,Lana Fintech,https://stackoverflow.com/jobs/474467/site-reliability-engineer-lana-fintech
Cloud Systems Engineer,WSM International LLC,https://stackoverflow.com/jobs/195579/cloud-systems-engineer-wsm-international-llc
Ruby on Rails Developer (Remote Non-UK based),Bit Zesty,https://stackoverflow.com/jobs/493232/ruby-on-rails-developer-remote-non-uk-based-bit-zesty
Sr. Data Engineer,TigerConnect,https://stackoverflow.com/jobs/456323/sr-data-engineer-tigerconnect
Senior Data Engineer,ReCharge Payments,https://stackoverflow.com/jobs/485282/senior-data-engineer-recharge-payments
GLSL / Metal Shading Language developer,"Retrica, Inc.",https://stackoverflow.com/jobs/438408/glsl-metal-shading-language-developer-retrica-inc
Principal Software Engineer (Europe),Circle,https://stackoverflow.com/jobs/496050/principal-software-engineer-europe-circle
"Senior React/RN Developer (React, RN, TypeScript, Mobx)",TrainerRoad,https://stackoverflow.com/jobs/359728/senior-react-rn-developer-react-rn-typescript-trainerroad
Ruby on Rails Developer (Remote UK-based),Bit Zesty,https://stackoverflow.com/jobs/493233/ruby-on-rails-developer-remote-uk-based-bit-zesty
Functional Programming – C# / Haskell Senior Software Engineer,Medical Management Systems,https://stackoverflow.com/jobs/454487/functional-programming-c-sharp-haskell-senior-medical-management-systems
Principal Software Engineer (United States and Canada),Circle,https://stackoverflow.com/jobs/496051/principal-software-engineer-united-states-and-circle
Senior Security Engineer (DevSecOps),komoot,https://stackoverflow.com/jobs/492305/senior-security-engineer-devsecops-komoot
C++ Software Engineer - BIM,Zuru Tech Italy,https://stackoverflow.com/jobs/486390/c-plus-plus-software-engineer-bim-zuru-tech-italy
Tagalog Speaking Full Stack Angular and C# Developer (Remote),Iridium Technology,https://stackoverflow.com/jobs/468538/tagalog-speaking-full-stack-angular-and-c-sharp-iridium-technology
Software Engineer in Test (Mobile),Noom,https://stackoverflow.com/jobs/405870/software-engineer-in-test-mobile-noom
"Senior React/RN Developer (React, RN, TypeScript, Mobx)",TrainerRoad,https://stackoverflow.com/jobs/359728/senior-react-rn-developer-react-rn-typescript-trainerroad
Cloud Engineer (remote),Platform.sh,https://stackoverflow.com/jobs/493242/cloud-engineer-remote-platformsh
Senior Data Scientist (NLP),Parenthetic,https://stackoverflow.com/jobs/477596/senior-data-scientist-nlp-parenthetic
Senior DevOps Engineer,GraphAware,https://stackoverflow.com/jobs/471361/senior-devops-engineer-graphaware
HPC product lead,Canonical,https://stackoverflow.com/jobs/451986/hpc-product-lead-canonical
Back End Engineer - Operations,Everli,https://stackoverflow.com/jobs/438409/back-end-engineer-operations-everli
Remote Cloud DevOps Engineer,Cycloid,https://stackoverflow.com/jobs/493218/remote-cloud-devops-engineer-cycloid
Senior Android Engineer (Remote OR NYC),Noom,https://stackoverflow.com/jobs/397344/senior-android-engineer-remote-or-nyc-noom
Unity 3D / WebGL Graphics Developer,MapLarge,https://stackoverflow.com/jobs/231567/unity-3d-webgl-graphics-developer-maplarge
Technical Lead Blockchain,IOVLABS,https://stackoverflow.com/jobs/416113/technical-lead-blockchain-iovlabs
Senior Security Engineer (DevSecOps),komoot,https://stackoverflow.com/jobs/492305/senior-security-engineer-devsecops-komoot
Senior iOS Engineer (Remote or NYC),Noom,https://stackoverflow.com/jobs/283525/senior-ios-engineer-remote-or-nyc-noom
Senior Automation QA - Solve interesting problems from home!,Ascent,https://stackoverflow.com/jobs/463057/senior-automation-qa-solve-interesting-problems-ascent
Application Security Engineer,Syncro / RepairShopr,https://stackoverflow.com/jobs/471199/application-security-engineer-syncro-repairshopr
IT System/Network Administrator,Nalpeiron,https://stackoverflow.com/jobs/487669/it-system-network-administrator-nalpeiron
IT Cybersecurity Engineer (Global),SUSE,https://stackoverflow.com/jobs/460978/it-cybersecurity-engineer-global-suse
Fast Track Software Engineering Lead,Canonical,https://stackoverflow.com/jobs/451983/fast-track-software-engineering-lead-canonical
"Genesys Cloud Engineer (PureCloud Admin, k8s, Python, TypeScript, REST API)",EverQuote Inc.,https://stackoverflow.com/jobs/471606/genesys-cloud-engineer-purecloud-admin-k8s-everquote-inc
Technical Support Representative,ADASHI Systems,https://stackoverflow.com/jobs/467150/technical-support-representative-adashi-systems
Cloud Native Consultant,Container Solutions B.V.,https://stackoverflow.com/jobs/463040/cloud-native-consultant-container-solutions-bv
Lead Security Engineer,Balena,https://stackoverflow.com/jobs/427691/lead-security-engineer-balena
Tech Director,Trafilea,https://stackoverflow.com/jobs/463727/tech-director-trafilea
Linux Kernel Engineer,Canonical,https://stackoverflow.com/jobs/453713/linux-kernel-engineer-canonical
Mid-Senior Ruby on Rails Engineer,RateIt,https://stackoverflow.com/jobs/497831/mid-senior-ruby-on-rails-engineer-rateit
Team Lead (.NET) - Solve interesting problems from home!,Ascent,https://stackoverflow.com/jobs/469761/team-lead-net-solve-interesting-problems-ascent
Senior Ruby Developer,Red Ant,https://stackoverflow.com/jobs/486192/senior-ruby-developer-red-ant
Architect (Customer Identity and Access Management),Modus Create,https://stackoverflow.com/jobs/498262/architect-customer-identity-and-access-modus-create
Cloud Native Consultant,Container Solutions B.V.,https://stackoverflow.com/jobs/463040/cloud-native-consultant-container-solutions-bv
Mid-Senior Ruby on Rails Engineer,RateIt,https://stackoverflow.com/jobs/497831/mid-senior-ruby-on-rails-engineer-rateit
Linux Cloud Kernel Engineer,Canonical,https://stackoverflow.com/jobs/457872/linux-cloud-kernel-engineer-canonical
.NET  Developer with a Writing Background (100% Remote),Intelligent Editing Ltd,https://stackoverflow.com/jobs/431255/net-developer-with-a-writing-background-100-intelligent-editing-ltd
Site Reliability Engineer,Container Solutions B.V.,https://stackoverflow.com/jobs/486391/site-reliability-engineer-container-solutions-bv
"Employee No. 12 – .NET  Developer (flexible hours, work from anywhere)",Intelligent Editing Ltd,https://stackoverflow.com/jobs/410439/employee-no-12-net-developer-flexible-hours-intelligent-editing-ltd
Machine Learning Engineer,FlexJobs,https://weworkremotely.com/remote-jobs/flexjobs-machine-learning-engineer-1
Software Engineer Machine Learning,Studitemps,https://remoteok.io/remote-jobs/101896-remote-software-engineer-machine-learning-studitemps
Senior Machine Learning Engineer,The Meet Group,https://remoteok.io/remote-jobs/101760-remote-senior-machine-learning-engineer-the-meet-group
